{
    "data": [
        {
            "quote": "Life is 10% what happens to you and 90% how you react to it.",
            "author": "Charles R. Swindoll"
        },
        {
            "quote": "The way to get started is to quit talking and begin doing.",
            "author": "Walt Disney"
        },
        {
            "quote": "Even if you fall on your face you’re still moving forward.",
            "author": "Victor Kiam"
        },
        {
            "quote": "Well done is better than well said.",
            "author": "Benjamin Franklin"
        },
        {
            "quote": "It’s always too early to quit.",
            "author": "Norman Vincent Peale"
        },
        {
            "quote": "Leap, and the net will appear.",
            "author": "John Burroughs"
        },
        {
            "quote": "One finds limits by pushing them.",
            "author": "Herbert Simon"
        },
        {
            "quote": "The wise does at once what the fool does at last.",
            "author": "Baltasar Gracian"
        },
        {
            "quote": "Do not watch the clock. Do what it does. Keep going.",
            "author": "Sam Levenson"
        },
        {
            "quote": "I’ve failed over and over and over again. And that is why I succeed.",
            "author": "Michael Jordan"
        },
        {
            "quote": "The secret of getting ahead is getting started.",
            "author": "Mark Twain"
        },
        {
            "quote": "Either you run the day or the day runs you.",
            "author": "Jim Rohn"
        },
        {
            "quote": "Act as if what you do makes a difference. It does.",
            "author": "William James"
        },
        {
            "quote": "I’d rather attempt to do something great and fail, than to attempt nothing and succeed.",
            "author": "Robert H. Schuller"
        },
        {
            "quote": "Your own resolution to succeed is more important than any other.",
            "author": "Abraham Lincoln"
        },
        {
            "quote": "There is always room at the top.",
            "author": "Daniel Webster"
        },
        {
            "quote": "You can’t build a reputation on what you are going to do.",
            "author": "Henry Ford"
        },
        {
            "quote": "Success is going from failure to failure with no loss of enthusiasm.",
            "author": "Winston Churchill"
        },
        {
            "quote": "Small deeds done are better than great deeds planned.",
            "author": "Peter Marshall"
        },
        {
            "quote": "When you stop chasing the wrong things you give the right things a chance to catch you.",
            "author": "Lolly Daskal"
        },
        {
            "quote": "You just can’t beat the person who never gives up.",
            "author": "Babe Ruth"
        },
        {
            "quote": "The more we do the more we can do.",
            "author": "William Hazlitt"
        },
        {
            "quote": "The only place where success comes before work is in the dictionary.",
            "author": "Vince Lombardi"
        },
        {
            "quote": "You miss 100% of the shots you don’t take.",
            "author": "Wayne Gretzky"
        },
        {
            "quote": "Fortune sides with him who dares.",
            "author": "Virgil"
        },
        {
            "quote": "You miss 100% of the shots you don’t take.",
            "author": "Wayne Gretzky"
        },
        {
            "quote": "Failure is the condiment that gives success its flavor.",
            "author": "Truman Capote"
        }
    ]
}
