{
    "data": [
      {
        "quote": "You can't play life like an untuned instrument and then ask why the music is unpleasent.",
        "author": "Shaan Ahmed"
      },
      {
        "quote": "Reality is wrong. Dreams are for real.",
        "author": "Tupac Shakur"
      },
      {
        "quote": "Just know that I was once considered just a dreamer... Then I paid my dues and turned so many doubters to believers...",
        "author": "Big K.R.I.T."
      },
      {
        "quote": "Don't let nobody tell you that you can't do it. Love what you do until you don't love it anymore. Nothing's impossible.",
        "author": "Fetty Wap"
      },
      {
        "quote": "If you don't build your dream someone will hire you to help build theirs.",
        "author": "Tony A. Gaskins Jr."
      },
      {
        "quote": "I can accept failure, everyone fails at something. But I can’t accept not trying.",
        "author": "Michael Jordan"
      },
      {
        "quote": "Only those who will risk going too far can possibly find out how far it is possible to go.",
        "author": "TS Eliot"
      },
      {
        "quote": "Believe in your dreams and dream big. And then after you’ve done that, dream bigger.",
        "author": "Howard Schultz, CEO Starbucks"
      },
      {
        "quote": "If your actions inspire others to dream more, learn more, do more and become more, you are a leader.",
        "author": "John Quincy Adams"
      },
      {
        "quote": "Success is not built on success. It’s built on failure. It’s built on frustration. Sometimes its built on catastrophe.",
        "author": "Sumner Redstone"
      },
      {
        "quote": "Skills are cheap. Passion is priceless.",
        "author": "Gary Vaynerchuk"
      },
      {
        "quote": "I think the thing to do is enjoy the ride while you’re on it.",
        "author": "Johnny Depp"
      },
      {
        "quote": "Sometimes you need to push people into the deep for some people will never learn to swim if they've never been taught how it feels to drown",
        "author": "Shaan Ahmed"
      },
      {
        "quote": "No one should have the power to shatter your dreams unless you give it to them.",
        "author": "Unknown"
      },
      {
        "quote": "A creative man is motivated by the desire to achieve, not by the desire to beat others.",
        "author": "Ayn Rand"
      },
      {
        "quote": "Knowing Is Not Enough; We Must Apply. Wishing Is Not Enough; We Must Do.",
        "author": "Johann Wolfgang Von Goethe"
      },
      {
        "quote": "Do one thing every day that scares you.",
        "author": "Eleanor Roosevelt"
      },
      {
        "quote": "Pain is temporary. Quitting lasts forever.",
        "author": "Lance Armstrong"
      },
      {
        "quote": "Understanding is the first step to acceptance, and only with acceptance can there be recovery.",
        "author": "J.K. Rowling"
      },
      {
        "quote": "Mistakes are the portals of discovery.",
        "author": "James Joyce"
      }
    ]
}
