{
    "data": [
    {
        "quote": "Oh captain, my captain.",
        "author": "Todd Anderson"
    },
    {
        "quote": "No matter what anybody tells you, words and ideas can change the world.",
        "author": "John Keating"
    },
    { 
        "quote": "Go ahead. Look out the window. Isn't it a beautiful day?",
        "author": "Anonymous"
    },
    { 
        "quote": "People are crazy and times are strange/ I'm locked in tight, I'm out of range/ I used to care, but things have changed.",
        "author": "Bob Dylan"
    },
    { 
        "quote": "Discipline is the bridge between goals and accomplishment.",
        "author": "Jim Rohn"
    },
    { 
        "quote": "It's a slow process, but quitting won't speed it up.",
        "author": "Anonymous"
    },
    { 
        "quote": "A river cuts through a rock not because of its power but its persistence.",
        "author": "Anonymous"
    },
    { 
        "quote": "The man on top of the mountain didn't fall there.",
        "author": "Vince Lombardi"
    },
    { 
        "quote": "I can and I will. Watch me.",
        "author": "Anonymous"
    },
    { 
        "quote": "Doubt kills more dreams than failure ever will.",
        "author": "Karim Seddiki"
    },
    { 
        "quote": "Be so good they can't ignore you.",
        "author": "Steve Martin"
    },
    { 
        "quote": "The expert in anything was once a beginner.",
        "author": "Anonymous"
    },
    { 
        "quote": "Wake up. Kick ass. Repeat.",
        "author": "Anonymous"
    },
    { 
        "quote": "Failure is a bruise, not a tattoo.",
        "author": "Jon Sinclair"
    },
    { 
        "quote": "Worrying is stupid. It's like walking around with an umbrella waiting for it to rain.",
        "author": "Wiz Khalifa"
    },
    { 
        "quote": "A smooth sea never made a skilled sailor.",
        "author": "Franklin D. Roosevelt"
    },
    { 
        "quote": "Go the extra mile -- it's never crowded.",
        "author": "Anonymous"
    },
    { 
        "quote": "Look in the mirror... That's your competition.",
        "author": "Anonymous"
    },
    { 
        "quote": "I won't be a rock star. I will be a legend.",
        "author": "Freddie Mercury"
    }
    ]
}
