{
    "data": [
        {
            "quote": "Comfort is the enemy of achievement.",
            "author": "Farrah Gray" 
        },
        {
            "quote": "Luck is where opportunity meets preparation.",
            "author": "Seneca"
        },
        {
            "quote": "Courage is knowing what not to fear.",
            "author": "Plato"
        },
        {
            "quote": "The measure of a man is what he does with power.",
            "author": "Plato"
        },
        {
            "quote": "The beginning is the most important part of the work.",
            "author": "Plato"
        },
        {
            "quote": "Today is not the day I die.",
            "author": "Oberyn Martell"
        },
        {
            "quote": "I don't stop when I am tired, I stop when I am done.",
            "author": "James Bond"
        },
        {
            "quote": "Rhetoric is the art of ruling the minds of men.",
            "author": "Plato"
        },
        {
            "quote": "Philosophy is the highest music.",
            "author": "Plato"
        },
        {
            "quote": "All men's souls are immortal, but the souls of the righteous are immortal and divine.",
            "author": "Socrates"
        }, 
        {
            "quote": "You have to be odd to be number one.",
            "author": "Dr. Suess"
        },
        {
            "quote": "Life happens wherever you are, whether you make it or not.",
            "author": "Iroh"
        },
        {
            "quote": "It is usually best to admit mistakes when they occur, and to seek to restore honor..",
            "author": "Iroh"
        },
        {
            "quote": "Sometimes the best way to solve your own problems is to help someone else.",
            "author": "Iroh"
        },
        {
            "quote": "Push yourself because no one else is going to do it for you.",
            "author": "Unknown"
        },
        {
            "quote": "You only live once, but if you do it right, once is enough.",
            "author": "Mae West"
        },
        {
            "quote": "Your goals don't care how you feel.",
            "author": "Unknown"
        },
        {
            "quote": "Sweat is fat crying.",
            "author": "Unknown"
        },
        {
            "quote": "Be better than you were yesterday.",
            "author": "Unknown"
        },
        {
            "quote": "Rome wasn't built in a day.",
            "author": "Unknown"
        }
    ]
}