{
    "data": [
        {
            "quote": "Keep your eyes on the stars and your feet on the ground.",
            "author": "Theodore Roosevelt"
        },
        {
            "quote": "A river cuts through the rock not because of its power but because of its persistence.",
            "author": "Jim Watkins"
        },
        {
            "quote": "Strength and growth come only from continuous effort and struggle.",
            "author": "Napolean Hill"
        },
        {
            "quote": "Motivation is what gets you started, habit it what keeps you going.",
            "author": "Jim Ryun"
        },
        {
            "quote": "Discipline is the bridge between goals and accomplishment.",
            "author": "Jim Rohn"
        },
        {
            "quote": "Don't be afraid to give up the good to go for the great.",
            "author": "John D. Rockefeller"
        },
        {
            "quote": "Perfection is not attainable, but if we chase perfection we can catch excellence.",
            "author": "Vince Lombardi"
        },
        {
            "quote": "Hard work beats talent when talen doesn't work hard.",
            "author": "Tim Notke"
        },
        {
            "quote": "Ninety-nine percent of the failures come from people who have the habit of making excuses.",
            "author": "George Carver"
        },
        {
            "quote": "Be so good they can't ignore you.",
            "author": "Steve Martin"
        },
        {
            "quote": "Years of love have been forgot in the hatred of a minute.",
            "author": "Edgar Allan Poe"
        },
        {
            "quote": "I never dreamt of success, I worked for it.",
            "author": "Estee Lauder"
        },
        {
            "quote": "No! Try not. Do, or do not, there is no try.",
            "author": "Yoda"
        },
        {
            "quote": "The difference between ordinary and extraordinary is that little extra.",
            "author": "Jimmy Johnson"
        },
        {
            "quote": "You must expect great things of yourself before you can do them",
            "author": "Michael Jordan"
        },
        {
            "quote": "Accept the challenges so that you can feel the exhilaration of victory.",
            "author": "George S. Patton"
        },
        {
            "quote": "Those who dare to fail miserably can achieve greatly.",
            "author": "John F. Kennedy"
        },
        {
            "quote": "Dreams and dedication are a powerful combination.",
            "author": "William Longgood"
        },
        {
            "quote": "Start by doing what's necessary; then do what's possible, and suddenly you're doing the impossible.",
            "author": "Francis of Assisi"
        },
        {
            "quote": "If opportunity doesn't knock, build a door.",
            "author": "Milton Berle"
        },
        {
            "quote": "After climbing a great hill, one only finds that there are many more hills to climb.",
            "author": "Nelson Mandela"
        },
        {
            "quote": "Confusion of goals and perfection of means seems, in my opinion, to characterise our age.",
            "author": "Albert Einstein"
        },
        {
            "quote": "If you're on the right track, you'll get run over if you just sit there.",
            "author": "Will Rogers"
        },
        {
            "quote": "It does not do to dwell on dreams and forget to live.",
            "author": "J.K Rowling"
        },
        {
            "quote": "A goal should scare you a little and excite you a lot.",
            "author": "Joe Vitale"
        },
        {
            "quote": "Great minds discuss ideas, average minds discuss events, small minds discuss people.",
            "author": "Eleanor Roosevelt"
        },
        {
            "quote": "You are never too old to set a new goal or to dream a new dream.",
            "author": "C.S Lewis"
        }
    ]
}
