{
	"data":[
		{
			"author": "Ryan Nicodemus",
			"quote": "Temporary habits are almost as bad as no habits at all."
		},
		{
			"author": "Joshua Fields Millburn",
			"quote": "Many things are both useful and dangerous. An automobile is useful; an automobile is dangerous. Likewise for nostalgia."
		},
		{
			"author": "The Minimalists",
			"quote": "If we are constantly consuming, then we are not creating."
		},
		{
			"author": "Joshua Fields Millburn",
			"quote": "Never leave the scene of a good idea without taking action."
		},
		{
			"author": "Sheryl Sandberg",
			"quote": "If you’re offered a seat on a rocket ship, don’t ask what seat! Just get on."
		},
		{
			"author": "Ralph Waldo Emerson",
			"quote": "The only person you are destined to become is the person you decide to be."
		},
		{
			"author": "Anonymous (Ancient Indian Proverb)",
			"quote": "Certain things catch your eye, but pursue only those that capture the heart."
		},
		{
			"author": "The Minimalists",
			"quote": "However we spend our time—be it surfing Facebook or exercising at the gym—those are our actual priorities."
		},
		{
			"author": "Ryan Nicodemus",
			"quote": "Distraction is a form of procrastination."
		},
		{
			"author": "The Minimalists",
			"quote": "You needn’t be defined by your past. And certainly, your future does not have to look like your past, unless you allow it to."
		},
		{
			"author": "John Sonmez",
			"quote": "Trust the process."
		},
		{
			"author": "Joshua Fields Millburn",
			"quote": "Letting go of control is the best way to regain total control."
		},
		{
			"author": "The Minimalists",
			"quote": "Criticism is inevitable—unless you do nothing important with your life."
		},
		{
			"author": "The Minimalists",
			"quote": "If you’re not growing, you’re dying."
		},
		{
			"author": "Joshua Fields Millburn",
			"quote": "Let go of distractions—make room for intention."
		},
		{
			"author": "The Minimalists",
			"quote": "A conversation with a friend costs nothing, and can be the most meaningful thing you’ll do today."
		},
		{
			"author": "Anonymous",
			"quote": "Don't take criticism from someone you wouldn't take advice."
		},
		{
			"author": "Robert T. Kiyosaki",
			"quote": "Failure defeats losers; failure inspires winners."
		},
		{
			"author": "Alan Kay",
			"quote": "The best way to predict the future is to invent it."
		},
		{
			"author": "Joshua Fields Millburn",
			"quote": "The more we grow, the more we have to give."
		}
	]
}
