{
	"data": [
		{
			"quote": "There is some good in this world, and it’s worth fighting for.",
			"author": "J.R.R. Tolkien"
		},
		{
			"quote": "Twenty years from now you will be more disappointed by the things that you didn’t do than by the ones you did do.",
			"author": "H.Jackson Brown Jr."
		},
		{
			"quote": "Well-behaved women seldom make history.",
			"author": "Laurel Thatcher Ulrich"
		},
		{
			"quote": "It is better to be hated for what you are than to be loved for what you are not.",
			"author": "André Gide"
		},
		{
			"quote": "Who, being loved, is poor?",
			"author": "Oscar Wilde"
		},
		{
			"quote": "Every human life is worth the same, and worth saving.",
			"author": "J.K. Rowling"
		},
		{
			"quote": "Get busy living, or get busy dying.",
			"author": "Stephen King"
		},
		{
			"quote": "The goal isn’t to live forever, the goal is to create something that will.",
			"author": "Chuck Palahniuk"
		},
		{
			"quote": "Travel far enough, you meet yourself.",
			"author": "David Mitchell"
		},
		{
			"quote": "None of us really changes over time. We only become more fully what we are.",
			"author": "Anne Rice"
		},
		{
			"quote": "Most people are nice when you finally see them.",
			"author": "Harper Lee"
		},
		{
			"quote": "Don’t panic.",
			"author": "Douglas Adams"
		},
		{
			"quote": "All endings are also beginnings. We just don’t know it at the time.",
			"author": "Mitch Albom"
		},
		{
			"quote": "When someone leaves, it’s because someone else is about to arrive.",
			"author": "Paulo Coelho"
		},
		{
			"quote": "It’s no use going back to yesterday, because I was a different person then.",
			"author": "Lewis Carroll"
		},
		{
			"quote": "The only limits for tomorrow are the doubts we have today.",
			"author": "Pittacus Lore"
		},
		{
			"quote": "It is our choices that show what we truly are, far more than our abilities.",
			"author": "J.K. Rowling"
		},
		{
			"quote": "If we wait until we’re ready, we’ll be waiting for the rest of our lives.",
			"author": "Lemony Snicket"
		},
		{
			"quote": "I don’t want to die without any scars.",
			"author": "Chuck Palahniuk"
		},
		{
			"quote": "Fear doesn’t shut you down; it wakes you up.",
			"author": "Veronica Roth"
		}
	]
}
