{
  "data": [
    {
      "author": "Robin Sharma",
      "quote": "Simplicity is the trademark of genius."
    },
    {
      "author": "Robin Sharma",
      "quote": "It’s not about the end goal, it’s about who you become by consistently pushing to the edge of your limits."
    },
    {
      "author": "Robin Sharma",
      "quote": "The way you start your day determines how well you live your day."
    },
    {
      "author": "Robin Sharma",
      "quote": "Dream big, start small, act now."
    },
    {
      "author": "Robin Sharma",
      "quote": "Life is short. Do big things."
    },
    {
      "author": "Robin Sharma",
      "quote": "Victims make excuses. Leaders deliver results."
    },
    {
      "author": "Robin Sharma",
      "quote": "The quality of your life is determined by the quality of your thoughts."
    },
    {
      "author": "Robin Sharma",
      "quote": "You can’t win the game if you don’t even play it."
    },
    {
      "author": "Robin Sharma",
      "quote": "All change is hard at the first, messy in the middle, and so gorgeous at the end."
    },
    {
      "author": "Robin Sharma",
      "quote": "Ordinary people love entertainment. Extraordinary people adore education."
    },
    {
      "author": "Robin Sharma",
      "quote": "Close all your escape routes, burn all your plan b’s and get busy doing that dream that only you were built to do."
    },
    {
      "author": "Robin Sharma",
      "quote": "Hard times produce your greatest gifts."
    },
    {
      "author": "Robin Sharma",
      "quote": "Fear is a big liar."
    },
    {
      "author": "Robin Sharma",
      "quote": "Average performers stop when they feel fear. Iconic producers accelerate once they get frightened."
    },
    {
      "author": "Robin Sharma",
      "quote": "The best leaders are the most dedicated learners. Read great books daily."
    },
    {
      "author": "Robin Sharma",
      "quote": "Are your fears standing in the way of your biggest life?"
    },
    {
      "author": "Robin Sharma",
      "quote": "Your current conditions are echoes of your past."
    },
    {
      "author": "Robin Sharma",
      "quote": "The way we do small things determines the way we do everything."
    },
    {
      "author": "Robin Sharma",
      "quote": "All it takes is one new insight or idea, strongly acted on, to take you to a completely different place."
    },
    {
      "author": "Robin Sharma",
      "quote": "Feeling lost? Good! Now you get to walk to new paths that lead to much better places."
    }    
  ]
}
