{
  "data": [
    {
      "author": "Robin Sharma",
      "quote": "Why allow a painful past to destroy your perfect future."
    },
    {
      "author": "Robin Sharma",
      "quote": "If you’re not scared a lot you’re not doing very much."
    },
    {
      "author": "Robin Sharma",
      "quote": "Success lies in a masterful consistency around the fundamentals."
    },
    {
      "author": "Robin Sharma",
      "quote": "Life is a series of moments. If you miss the moments, you miss your life."
    },
    {
      "author": "Robin Sharma",
      "quote": "To the victim, adversity is bad. To the leader and warrior, hard times are life’s richest times of growth, opportunity, and possibility. Use them to fly."
    },
    {
      "author": "Robin Sharma",
      "quote": "Ideation without execution is delusion."
    },
    {
      "author": "Robin Sharma",
      "quote": "Once you slay one fear you’ll conquer many fears."
    },
    {
      "author": "Robin Sharma",
      "quote": "What makes mastery is not the absence of failure but the absence of giving up."
    },
    {
      "author": "Robin Sharma",
      "quote": "Average people talk about people. Exceptional people discuss their dreams."
    },
    {
      "author": "Robin Sharma",
      "quote": "Stop watching the news. Start doing your dreams."
    },
    {
      "author": "Robin Sharma",
      "quote": "The secret to productivity is simplicity."
    },
    {
      "author": "Robin Sharma",
      "quote": "The secret of passion is purpose."
    },
    {
      "author": "Robin Sharma",
      "quote": "When you go to where your fear lives, your freedom starts to display itself."
    },
    {
      "author": "Robin Sharma",
      "quote": "The smallest of actions is always better than the noblest of intentions."
    },
    {
      "author": "Robin Sharma",
      "quote": "Greatness on the outside begins within."
    },
    {
      "author": "Robin Sharma",
      "quote": "What makes a champion is not how elegantly you start, but how strongly you finish."
    },
    {
      "author": "Robin Sharma",
      "quote": "Be willing to do what’s hard now to enjoy what’s beautiful later."
    },
    {
      "author": "Robin Sharma",
      "quote": "Mistake is a mistake only if you make it twice."
    },
    {
      "author": "Robin Sharma",
      "quote": "Don’t live the same year 75 times and call it a life."
    },
    {
      "author": "Robin Sharma",
      "quote": "Be the CEO of your life."
    }    
  ]
}
