{
  "data": [
    {
      "author": "Dylan Thomas",
      "quote": "Do not go gentle into that good night, Old age should burn and rave at close of day; Rage, rage against the dying of the light."
    },
    {
      "author": "Charles Atlas",
      "quote": "Step by step and the thing is done."
    },
    {
      "author": "Michael Jordan",
      "quote": "I’ve failed over and over and over again. And that is why I succeed."
    },
    {
      "author": "Mark Twain",
      "quote": "The secret of getting ahead is getting started."
    },
    {
      "author": "Walt Disney",
      "quote": "If you can dream it, you can do it."
    },
    {
      "author": "Robert H. Schuller",
      "quote": "I’d rather attempt to do something great and fail, than to attempt nothing and succeed."
    },
    {
      "author": "Abraham Lincoln",
      "quote": "Your own resolution to succeed is more important than any other."
    },
    {
      "author": "Ralph Marston",
      "quote": "What you do today can improve all your tomorrows."
    },
    {
      "author": "Daniel Webster",
      "quote": "There is always room at the top."
    },
    {
      "author": "Sam Levenson",
      "quote": "Do not watch the clock. Do what it does. Keep going."
    },
    {
      "author": "Baltasar Gracian",
      "quote": "The wise does at once what the fool does at last."
    },
    {
      "author": "William Butler Yeats",
      "quote": "Do not wait to strike till the iron is hot; but make it hot by striking."
    },
    {
      "author": "Herbert Simon",
      "quote": "One finds limits by pushing them."
    },
    {
      "author": "Wayne Dyer",
      "quote": "Go for it now. The future is promised to no one."
    },
    {
      "author": "John Burroughs",
      "quote": "Leap, and the net will appear."
    },
    {
      "author": "Norman Vincent Peale",
      "quote": "It’s always too early to quit"
    },
    {
      "author": "Benjamin Franklin",
      "quote": "Well done is better than well said."
    },
    {
      "author": "Victor Kiam",
      "quote": "Even if you fall on your face you’re still moving forward."
    },
    {
      "author": "Zig Ziglar",
      "quote": "You don’t have to be great to start, but you have to start to be great."
    },
    {
      "author": "Nelson Mandela",
      "quote": "It always seems impossible until it is done."
    }    
  ]
}