{
  "data": [
    {
      "author": "The Goblet of Fire",
      "quote": "It matters not what someone is born, but what they grow to be."
    },
    {
      "author": "The Sorcerer’s Stone",
      "quote": "It does not do to dwell on dreams and forget to live."
    },
    {
      "author": " The Sorcerer’s Stone",
      "quote": "Fear of a name increases fear of the thing itself."
    },
    {
      "author": "The Sorcerer’s Stone",
      "quote": "It takes a great deal of bravery to stand up to our enemies, but just as much to stand up to our friends."
    },
    {
      "author": "The Goblet of Fire",
      "quote": "We are only as strong as we are united, as weak as we are divided."
    },
    {
      "author": "The Order of the Phoenix",
      "quote": "We cannot choose our fate, but we can choose others. Be careful in knowing that."
    },
    {
      "author": "The Goblet of Fire",
      "quote": "Understanding is the first step to acceptance, and only with acceptance can there be recovery."
    },
    {
      "author": "The Half-Blood Prince",
      "quote": "It is the unknown we fear when we look upon death and darkness, nothing more"
    },
    {
      "author": "The Deathly Hallows",
      "quote": "Words are, in my not so humble opinion, our most inexhaustible source of magic, capable of both influencing injury, and remedying it"
    },
    {
      "author": "The Prisoner of Azkaban",
      "quote": "Happiness can be found, even in the darkest of times, if only one remembers to turn on the light"
    },
    {
      "author": "Luna Lovegood, The Order of the Phoenix",
      "quote": "Things we lose have a way of coming back to us in the end, if not always in the way we expect."
    },
    {
      "author": "Kingsley Shacklebolt, The Deathly Hallows",
      "quote": "We are all human, aren’t we? Every human life is worth the same, and worth saving."
    },
    {
      "author": "The Order of the Phoenix",
      "quote": "The world isn’t split into good people and Death Eaters. We’ve all got both light and dark inside us. What matters is the part we choose to act on. That’s who we really are"
    },
    {
      "author": "Fred",
      "quote": "Mischief Managed."
    },
    {
      "author": "The Goblet of Fire",
      "quote": "Excuse me, I don't like people just because they're handsome!"
    },
    {
      "author": "The Sorcerer’s Stone",
      "quote": "Ah, music,” he said wiping his eyes. “A magic beyond all we do here."
    },
    {
      "author": "The Deathly Hallows",
      "quote": "Of course it is happening inside your head, Harry, but why on earth should that mean it is not real?"
    },
    {
      "author": "The Goblet of Fire",
      "quote": "Numbing the pain for a while will make it worse when you finally feel it."
    },
    {
      "author": "The Half-Blood Prince",
      "quote": "It is important,” Dumbledore said, “to fight, and fight again, and keep fighting, for only then could evil be kept at bay, though never quite eradicated."
    },
    {
      "author": "The Chamber of Secrets",
      "quote": "It is our choices, Harry, that show what we truly are, far more than our abilities."
    }
  ]
}
