{
	"data": [
		{
			"quote": "Nothing is impossible, the word itself says Im possible!",
			"author": "Audrey Hepburn"
		},
		{
			"quote": "I’ve learned that people will forget what you said, people will forget what you did, but people will never forget how you made them feel. ",
			"author": "Maya Angelou"
		},
		{
			"quote": "Whether you think you can or you think you can’t, you’re right.",
			"author": "Henry Ford"
		},
		{
			"quote": "Perfection is not attainable, but if we chase perfection we can catch excellence.",
			"author": "Vince Lombardi"
		},
		{
			"quote": "Life is 10% what happens to me and 90% of how I react to it.",
			"author": "Charles Swindoll"
		},
		{
			"quote": "If you look at what you have in life, you’ll always have more. If you look at what you don’t have in life, you’ll never have enough.",
			"author": "Oprah Winfrey"
		},
		{
			"quote": "Remember no one can make you feel inferior without your consent.",
			"author": "Eleanor Roosevelt"
		},
		{
			"quote": "I can’t change the direction of the wind, but I can adjust my sails to always reach my destination.",
			"author": "Jimmy Dean"
		},
		{
			"quote": "Believe you can and you’re halfway there.",
			"author": "Theodore Roosevelt"
		},
		{
			"quote": "BE STRONG\nYou never know who you are inspiring",
			"author": "Unknown"
		},
		{
			"quote": "To handle yourself, use your head; to handle others, use your heart.",
			"author": "Eleanor Roosevelt"
		},
		{
			"quote": "Too many of us are not living our dreams because we are living our fears.",
			"author": "Les Brown"
		},
		{
			"quote": "Do or do not. There is no try. ",
			"author": "Yoda"
		},
		{
			"quote": "Whatever the mind of man can conceive and believe, it can achieve.",
			"author": "Napoleon Hill"
		},
		{
			"quote": "Twenty years from now you will be more disappointed by the things that you didn’t do than by the ones you did do, so throw off the bowlines, sail away from safe harbor, catch the trade winds in your sails. Explore, Dream, Discover.",
			"author": "Mark Twain"
		},
		{
			"quote": "’ve missed more than 9000 shots in my career. I’ve lost almost 300 games. 26 times I’ve been trusted to take the game winning shot and missed. I’ve failed over and over and over again in my life. And that is why I succeed.",
			"author": "Michael Jordan"
		},
		{
			"quote": "Strive not to be a success, but rather to be of value.",
			"author": "Albert Einstein"
		},
		{
			"quote": "I am not a product of my circumstances. I am a product of my decisions.",
			"author": "Stephen Covey"
		},
		{
			"quote": "When everything seems to be going against you, remember that the airplane takes off against the wind, not with it.",
			"author": "Henry Ford"
		},
		{
			"quote": "The most common way people give up their power is by thinking they don’t have any.",
			"author": "Alice Walker"
		},
		{
			"quote": "The most difficult thing is the decision to act, the rest is merely tenacity.",
			"author": "Amelia Earhart"
		},
		{
			"quote": "It is during our darkest moments that we must focus to see the light.",
			"author": "Aristotle Onassis"
		},
		{
			"quote": "Don’t judge each day by the harvest you reap but by the seeds that you plant.",
			"author": "Robert Louis Stevenson"
		}
	]
}
