{
	"data": [
		{
			"quote":"You are your own best friend. Listen to yourself more often than someone else.",
			"author":"Steven Cuoco"
		},
		{
			"quote":"You deserve more in your life. Think big. Love more and share beyond your limits. You will then become limitless.",
			"author":"Steven Cuoco"
		},
		{
			"quote":"How vain it is to sit down to write when you have not stood up to live.",
			"author":"Henry David Thoreau"
		},
		{
			"quote":"The only people who see the whole picture, are the ones who step out of the frame.",
			"author":"Salman Rushdie"
		},
		{
			"quote":"Happiness is not something you postpone for the future;it is something you design for the present.",
			"author":"Jim Rohn"
		},
		{
			"quote":"The bird is powered by its own life and by its motivation",
			"author":"APJ Abdul Kalam"
		}
	]
}
