{
    "data": [
      {
        "quote": "Don't raise your voice. Improve your arguement.",
        "author": "Harvey Specter"
      },
      {
        "quote": "Work until you no longer have to introduce yourself.",
        "author": "Harvey Specter"
      },
      {
        "quote": "You'd be suprised what people you trust would do when someone puts them in a position where they think they don't have a choice.",
        "author": "Harvey Specter"
      },
      {
        "quote": "Never destroy anyone in public when you can accomplish the same result in private.",
        "author": "Harvey Specter"
      },
      {
        "quote": "Win a no win situation by rewriting the rules.",
        "author": "Harvey Specter"
      },
      {
        "quote": "Kill them with success, Bury them with a smile.",
        "author": "Harvey Specter"
      },
      {
        "quote": "Let them hate. Just make sure they spell your name right.",
        "author": "Harvey Specter"
      },
      {
        "quote": "It's not a problem, if you always win.",
        "author": "Harvey Specter"
      },
      {
        "quote": "I'm not about caring, I'm about winning.",
        "author": "Harvey Specter"
      },
      {
        "quote": "I don't play the odds, I play the man.",
        "author": "Harvey Specter"
      },
      {
        "quote": "When you are backed against the wall, Break the goddamn thing down.",
        "author": "Harvey Specter"
      },
      {
        "quote": "I am against having emotions, not against using them.",
        "author": "Harvey Specter"
      },
      {
        "quote": "The only time success comes before work is in dictionary.",
        "author": "Harvey Specter"
      },
      {
        "quote": "Winners don't make excuses.",
        "author": "Harvey Specter"
      },
      {
        "quote": "I don't have dreams, I have goals.",
        "author": "Harvey Specter"
      },
      {
        "quote": "Sometimes good guys gotta to bad things to make the bad guys pay.",
        "author": "Harvey Specter"
      },
      {
        "quote": "It's not bragging, If it is true.",
        "author": "Harvey Specter"
      }
    ]
}
