{
    "data": [
        {
            "author": "Gandhi",
            "quote": "Keep your thoughts positive because your thoughts become your words. Keep your words positive because your words become your behaviors. Keep your behaviors positive because your behaviors become your habits. Keep your habits positive because your habits become your values. Keep your values positive because your values become your destiny."
        },
        {
            "author": "Tao Te Ching",
            "quote": "He who knows others is wise. He who knows himself is enlightened."
        },
        {
            "author": "Peace Pilgrim",
            "quote": "If you realized how powerful your thoughts are, you would never think a negative thought."
        },
        {
            "author": "Wayne Dyer",
            "quote": "When you judge another, you do not define them, you define yourself."
        },
        {
            "author": "Ram Dass",
            "quote": "The spiritual journey is individual, highly personal. It can't be organized or regulated. It isn't true that everyone should follow one path. Listen to your own truth."
        },
        {
            "author": "Dalai Lama",
            "quote": "Pain is inevitable. Suffering is optional."
        },
        {
            "author": "Albert Einstein",
            "quote": "There are only two ways to live your life. One is as though nothing is a miracle. The other is as though everything is a miracle. "
        },
        {
            "author": "Dalai Lama",
            "quote": "This is my simple religion. There is no need for temples; no need for complicated philosophy. Our own brain, our own heart is our temple; the philosophy is kindness."
        },
        {
            "author": "Eckhart Tolle",
            "quote": "True intelligence operates silently. Stillness is where creativity and solutions to problems are found."
        },
        {
            "author": "Scott Peck",
            "quote": "When we avoid the legitimate suffering that results from dealing with problems, we also avoid the growth that problems demand from us."
        },
        {
            "author": "Jorge Ramos",
            "quote": "Always keep order inside chaos."
        },
        {
            "author": "Byron Katie",
            "quote": "This is the time. This is the place. This is the vastness. Right here is paradise. Always. Always."
        },
        {
            "author": "Chuang Tzu",
            "quote": "Do not struggle. Go with the flow of things, and you will find yourself at one with the mysterious unity of the Universe."
        },
        {
            "author": "Idries Shah",
            "quote": "Enlightenment must come little by little - otherwise it would overwhelm."
        },
        {
            "author": "Jiddu Krishnamurti",
            "quote": "To observe without evaluating is the highest form of intelligence."
        },
        {
            "author": "Epictetus",
            "quote": "We are disturbed not by what happens to us, but by our thoughts about what happens."
        },
        {
            "author": "Erich Fromm",
            "quote": "Man's main task in life is to give birth to himself."
        },
        {
            "author": "Frederick Buechner",
            "quote": "Listen to your life. All moments are key moments."
        },
        {
            "author": "Lourdes Cortes Garcia",
            "quote": "Moments, moments, that is what life is all about."
        },
        {
            "author": "Unknown",
            "quote": "Every single person you meet in your life, is for the right reason in the right moment."
        }
    ]
}